{
    "metrics": {
        "rmse": 2832.299255089719,
        "r2_score": 0.7303755040616023
    }
}