{
  "baseline": {
    "dataset": "Baseline (No Drift)",
    "samples": 10484,
    "rmse": 2832.299255089719,
    "mae": 2176.5899885435624,
    "r2": 0.7303755040616023,
    "mape": 8.674325197838769
  },
  "drift": {
    "dataset": "Drift (Temperature +5\u00b0C)",
    "samples": 5000,
    "rmse": 3165.3221022382772,
    "mae": 2448.3780230597026,
    "r2": 0.667786305361667,
    "mape": 9.706215880425093
  },
  "degradation": {
    "rmse_pct": 11.758038863658467,
    "mae_pct": 12.486873317744319,
    "r2_pct": 8.569454801246497
  },
  "thresholds_exceeded": {
    "rmse": true,
    "mae": true,
    "r2": true
  }
}